crogeon0,5w8e84QK20N,jrogeon0@ask.com,Rogeon
palldridge1,yXcb26,kalldridge1@weibo.com,Alldridge
bmcardell2,Pyn1t2V,emcardell2@addtoany.com,McArdell
tswinnard3,ZD401OpwFA,eswinnard3@japanpost.jp,Swinnard
aferrier4,jNiVDdeXKL,sferrier4@bloomberg.com,Ferrier
lenglish5,kA5znAtglt,menglish5@hp.com,English
fmayston6,QWRyk1SJY7u,fmayston6@wix.com,Mayston
kdaubney7,U9nKJm,cdaubney7@google.co.jp,D'Aubney
sradband8,XSbsmURYLLvB,pradband8@forbes.com,Radband
fkinnin9,tuQxTN,fkinnin9@cnbc.com,Kinnin
acharlea,wablhIaFA,gcharlea@imgur.com,Charle
rapfelb,buMlFESpwfMc,tapfelb@redcross.org,Apfel
afetherstonc,uUJckCeRR6,lfetherstonc@forbes.com,Fetherston
jmurield,VeKnkK3,cmurield@walmart.com,Muriel
afolcae,gHFGkHXAuy,efolcae@cnbc.com,Folca
dglazerf,czWBlHD,kglazerf@shinystat.com,Glazer
fkindleysidesg,eENjjkl8,rkindleysidesg@ehow.com,Kindleysides
pbowfinh,AYA5UW3dT,mbowfinh@mediafire.com,Bowfin
gjandoureki,UGv1cnAYbgvX,mjandoureki@aboutads.info,Jandourek
dsalkeldj,kBhEt3T,dsalkeldj@utexas.edu,Salkeld
owalklettk,Q2y5BrIrl9A,bwalklettk@com.com,Walklett
cconellyl,07OAf8OcQaP,lconellyl@tinyurl.com,Conelly
hgarlettem,4ea5Bf,wgarlettem@biglobe.ne.jp,Garlette
mspoursn,mD4gUEjM9,cspoursn@fc2.com,Spours
ktrayteo,me1wwliTvhvT,ctrayteo@umn.edu,Trayte
samiablep,srqzWRFxmlJi,aamiablep@soundcloud.com,Amiable
aspikinsq,8TotTzCQBo3i,aspikinsq@home.pl,Spikins
lweymouthr,iKsJDT75Ob,gweymouthr@exblog.jp,Weymouth
akellehers,MtOBOltnRJVo,ekellehers@wikimedia.org,Kelleher
ncharlint,khhIAg3f9j,ncharlint@netlog.com,Charlin
mscamalu,gALZy3cBVC,rscamalu@cocolog-nifty.com,Scamal
atearlev,Ln6BnfpA,ltearlev@youtu.be,Tearle
bbucknerw,blUwfnuUPQH,mbucknerw@ibm.com,Buckner
esaggsx,AfREgaT,bsaggsx@ning.com,Saggs
mwestcary,jOHJvRmMwgg,dwestcary@google.com,Westcar
kohoganz,QmmVNTF,eohoganz@prnewswire.com,O' Hogan
ilines10,ld7g4una,klines10@icio.us,Lines
sdifrisco11,ZOUJsY,tdifrisco11@hud.gov,Di Frisco
zlyddiatt12,nmVTHwL6v3f,vlyddiatt12@jugem.jp,Lyddiatt
bgabby13,6rRmGMj,cgabby13@delicious.com,Gabby
rratledge14,Oa9Glpov,rratledge14@army.mil,Ratledge
wwaldram15,yOxr72Q2,vwaldram15@shutterfly.com,Waldram
lacey16,FQpZeHT8u,cacey16@1688.com,Acey
jomahoney17,ZpLEYfH,nomahoney17@tmall.com,O'Mahoney
iguillerman18,a0qd76m9,lguillerman18@mediafire.com,Guillerman
mjahnisch19,3VINIoacFy6,kjahnisch19@vimeo.com,Jahnisch
tbroadey1a,vaALzMEosv2q,jbroadey1a@uol.com.br,Broadey
frogeon1b,ytehkGpX6i,irogeon1b@furl.net,Rogeon
gstearndale1c,GDnCxNuaUoix,sstearndale1c@issuu.com,Stearndale
ikitchen1d,wtouAANw9i7r,ckitchen1d@dell.com,Kitchen
